junction_name,violation_density,road_type_score_mean,rush_hour_conc,violation_severity_mean,multi_violation_rate,junction_recurrence_rate,junction_chronic_count,center_lat,center_lon,total_violations,peak_hour_ist,dominant_shift,top_vehicle,top_violation,monthly_counts,decay_trend,near_metro,near_commercial,near_school_hospital,metro_count,commercial_count
BTP044 - Sagar Theatre Junction,0.68282736746715,0.4837709735519954,0.5630865484880083,0.5085884918001706,0.0566878377097355,0.9545454545454546,57,12.974938996857006,77.57889570478889,10549,9,MORNING,SCOOTER,NO PARKING,"{""January"": 2533, ""December"": 2001, ""February"": 1906, ""November"": 1763, ""March"": 1749, ""April"": 597}",DECREASING,False,False,False,0,0
BTP051 - Safina Plaza Junction,1.0,0.236578419315166,0.7230241439575377,0.5149750792931581,0.1065441128875655,1.0,67,12.981212065557246,77.60869513989651,15449,10,MORNING,SCOOTER,WRONG PARKING,"{""January"": 3609, ""November"": 3265, ""March"": 2979, ""February"": 2491, ""December"": 2412, ""April"": 693}",DECREASING,False,False,False,0,0
BTP205 - Modi Hospital Junction,0.0676419185707812,0.2164593301435407,0.5521531100478468,0.5237320574162679,0.0813397129186602,0.5,0,12.997488303320912,77.54695407575123,1045,10,MORNING,CAR,WRONG PARKING,"{""February"": 327, ""December"": 290, ""January"": 175, ""March"": 147, ""November"": 54, ""April"": 52}",STABLE,False,False,False,0,0
BTP043 - Upparpet Junction,0.1156061881027898,0.6373460246360582,0.5117581187010078,0.503919372900336,0.0341545352743561,0.5,0,12.971139927984629,77.57557195804273,1786,8,MORNING,SCOOTER,WRONG PARKING,"{""January"": 444, ""December"": 374, ""February"": 325, ""November"": 302, ""March"": 293, ""April"": 48}",STABLE,False,False,False,0,0
BTP034 - LRDE Junction,0.0140462165835976,0.2230414746543779,0.5483870967741935,0.5048387096774194,0.0691244239631336,0.3181818181818182,0,12.988339276825316,77.5917559860704,217,8,MORNING,CAR,WRONG PARKING,"{""December"": 68, ""November"": 46, ""March"": 41, ""January"": 32, ""February"": 20, ""April"": 10}",STABLE,False,False,False,0,0
BTP040 - Elite Junction,0.6937665868340993,0.5234372084344094,0.5555140884493376,0.5034521365926479,0.0314424332897928,0.9090909090909092,40,12.976596713370032,77.5766021547117,10718,9,MORNING,SCOOTER,NO PARKING,"{""December"": 2464, ""January"": 2212, ""March"": 2040, ""November"": 1716, ""February"": 1594, ""April"": 692}",DECREASING,False,False,False,0,0
BTP038 - Mysore Bank Junction,0.1308175286426306,0.3401781296387927,0.616031667491341,0.5095744680851064,0.0588817417120237,0.6363636363636364,0,12.973430411726868,77.58124380880751,2021,9,MORNING,CAR,WRONG PARKING,"{""December"": 610, ""January"": 459, ""November"": 421, ""February"": 245, ""March"": 210, ""April"": 76}",DECREASING,False,False,False,0,0
BTP032 - Windsor Circle,0.1779403197617969,0.2655511094943616,0.3197526373226628,0.5136958894143325,0.0632957439068752,0.5,0,12.993087912687146,77.58818366254266,2749,3,NIGHT,SCOOTER,WRONG PARKING,"{""December"": 1112, ""January"": 633, ""November"": 600, ""March"": 233, ""February"": 150, ""April"": 21}",DECREASING,False,False,False,0,0
BTP027 - Modi Bridge Junction,0.2967182341899152,0.3270506108202443,0.5711169284467714,0.5070789703315881,0.0355584642233856,0.6363636363636364,4,12.998897494610553,77.54941567682629,4584,7,MORNING,SCOOTER,WRONG PARKING,"{""December"": 1150, ""November"": 854, ""January"": 847, ""February"": 805, ""March"": 679, ""April"": 249}",DECREASING,False,False,False,0,0
BTP091 - Sirsi Circle,0.0170237555828856,0.5574144486692014,0.1901140684410646,0.5994296577946767,0.3307984790874524,0.1818181818181818,0,12.962208439163495,77.55862826692017,263,3,NIGHT,CAR,NO PARKING,"{""March"": 87, ""January"": 63, ""December"": 45, ""February"": 35, ""November"": 19, ""April"": 14}",STABLE,False,False,False,0,0
BTP057 - Anand Rao Junction,0.2547090426564826,0.2337738246505718,0.4236340533672172,0.5131639135959339,0.0932655654383735,0.7727272727272727,3,12.979395373087677,77.5743883072681,3935,9,MORNING,CAR,WRONG PARKING,"{""December"": 1038, ""November"": 768, ""January"": 735, ""March"": 724, ""February"": 401, ""April"": 269}",DECREASING,False,False,False,0,0
BTP063 - Siddalingaiah Circle,0.0686128552009838,0.200188679245283,0.5943396226415094,0.5163679245283019,0.0556603773584905,0.4090909090909091,0,12.971526511981134,77.5967034683019,1060,11,MORNING,CAR,NO PARKING,"{""December"": 336, ""November"": 240, ""March"": 225, ""January"": 126, ""February"": 100, ""April"": 33}",STABLE,False,False,False,0,0
"BTP022 - Marenahalli Junction, Vijayanagar",0.0748915787429607,0.5904926534140018,0.5220397579948142,0.5096369922212619,0.0821089023336214,0.4545454545454545,0,12.968779866920466,77.53673460275871,1157,10,MORNING,SCOOTER,WRONG PARKING,"{""December"": 303, ""February"": 246, ""November"": 226, ""January"": 182, ""March"": 162, ""April"": 38}",STABLE,False,False,False,0,0
"BTP016 - 5th Main Road, RPC Layout",0.1601398148747491,0.2732012934518997,0.4195634599838319,0.5070129345189975,0.034357316087308,0.4545454545454545,0,12.965246043934677,77.53784328202111,2474,11,MORNING,SCOOTER,WRONG PARKING,"{""November"": 681, ""December"": 634, ""January"": 488, ""February"": 480, ""March"": 171, ""April"": 20}",DECREASING,False,False,False,0,0
"BTP083 - AS Char Street, Mysore Road",0.1798174639135219,0.5467242620590352,0.3923686105111591,0.5676205903527718,0.2246220302375809,0.5454545454545454,0,12.966450044406306,77.57440287238298,2778,0,MORNING,PASSENGER AUTO,WRONG PARKING,"{""December"": 661, ""January"": 601, ""March"": 590, ""February"": 541, ""November"": 293, ""April"": 92}",STABLE,False,False,False,0,0
"BTP163 - 16th Main Road, BTM Layout",0.0235613955595831,0.4326923076923075,0.3131868131868132,0.5013736263736264,0.0054945054945054,0.3181818181818182,0,12.914995274450549,77.60852014148351,364,12,MORNING,SCOOTER,NO PARKING,"{""December"": 119, ""November"": 110, ""January"": 61, ""March"": 60, ""April"": 9, ""February"": 5}",STABLE,False,False,False,0,0
BTP220 - Puttanna Junction,0.019030357951971,0.4727891156462585,0.6428571428571429,0.5035714285714286,0.0578231292517006,0.3636363636363636,0,12.928844605442176,77.58282851292518,294,11,MORNING,CAR,NO PARKING,"{""November"": 76, ""December"": 76, ""March"": 52, ""February"": 48, ""January"": 41, ""April"": 1}",STABLE,False,False,False,0,0
BTP082 - KR Market Junction,0.7468444559518416,0.3609031027907783,0.4040561622464899,0.5107254290171606,0.0533021320852834,0.9090909090909092,50,12.964423750642322,77.57724121294085,11538,0,MORNING,SCOOTER,WRONG PARKING,"{""January"": 2823, ""March"": 2644, ""February"": 2359, ""December"": 2113, ""November"": 1024, ""April"": 575}",STABLE,False,False,False,0,0
BTP058 - Subbanna Junction,0.3358793449414201,0.3894584698400463,0.3131624590479861,0.5028040084794758,0.0389285026016573,0.8636363636363636,8,12.979021616597574,77.57866101486218,5189,1,NIGHT,CAR,NO PARKING,"{""December"": 1243, ""January"": 998, ""November"": 931, ""March"": 869, ""February"": 677, ""April"": 471}",DECREASING,False,False,False,0,0
BTP064 - Devanga Hostel Junction,0.006731827302738,0.3951923076923078,0.4423076923076923,0.5100961538461538,0.0288461538461538,0.1363636363636363,0,12.962732790384614,77.58990461057692,104,5,MORNING,CAR,NO PARKING,"{""February"": 40, ""December"": 20, ""November"": 19, ""March"": 16, ""January"": 6, ""April"": 3}",STABLE,False,False,False,0,0
"BTP011 - RR Kalyana Mantapa, Dr. Rajkumar Road",0.0781927632856495,0.5445364238410596,0.1481788079470198,0.5204884105960265,0.0612582781456953,0.5454545454545454,0,12.99369499669634,77.55379199356938,1208,3,NIGHT,CAR,WRONG PARKING,"{""January"": 268, ""March"": 253, ""February"": 235, ""December"": 214, ""November"": 148, ""April"": 90}",STABLE,False,False,False,0,0
"BTP123 - 10th Cross, Wilson Garden",0.0346300731438928,0.4482242990654206,0.5439252336448598,0.5006542056074766,0.0149532710280373,0.2727272727272727,0,12.94600243397952,77.59607296917757,535,8,MORNING,SCOOTER,NO PARKING,"{""March"": 169, ""February"": 147, ""December"": 73, ""April"": 62, ""November"": 58, ""January"": 26}",STABLE,False,False,False,0,0
BTP141 - Palmgroove Junction,0.0032364554340086,0.204,0.3,0.5209999999999999,0.12,0.1363636363636363,0,12.968292564,77.613494202,50,4,MORNING,CAR,NO PARKING,"{""December"": 20, ""January"": 12, ""February"": 10, ""November"": 7, ""March"": 1}",STABLE,False,False,False,0,0
BTP155 - Katriguppe Junction,0.0219431678425788,0.2176991150442477,0.495575221238938,0.525811209439528,0.0914454277286135,0.1363636363636363,0,12.9266994100295,77.55074285663717,339,11,MORNING,SCOOTER,NO PARKING,"{""December"": 121, ""April"": 106, ""March"": 62, ""February"": 22, ""November"": 17, ""January"": 11}",STABLE,False,False,False,0,0
BTP126 - Dairy Circle,0.0216195222991779,0.4679640718562875,0.3263473053892216,0.6288922155688622,0.3682634730538922,0.2727272727272727,0,12.936743940419165,77.60242927844311,334,7,MORNING,CAR,WRONG PARKING,"{""December"": 103, ""January"": 70, ""November"": 65, ""February"": 37, ""March"": 30, ""April"": 29}",STABLE,False,False,False,0,0
BTP045 - Danvanthri Road Junction,0.2059032947116318,0.2879283244262811,0.4658912291732159,0.5132977051241747,0.0804778371581263,0.5909090909090909,0,12.977065128575918,77.57478964140208,3181,10,MORNING,CAR,WRONG PARKING,"{""December"": 879, ""January"": 740, ""November"": 621, ""March"": 451, ""February"": 323, ""April"": 167}",DECREASING,False,False,False,0,0
BTP048 - Shanthala Junction,0.1031134701275163,0.2080351537978656,0.3835530445699937,0.5630257376020087,0.2787193973634652,0.4090909090909091,0,12.976960576691845,77.57075523407478,1593,7,MORNING,PASSENGER AUTO,NO PARKING,"{""January"": 442, ""March"": 380, ""December"": 340, ""November"": 285, ""February"": 107, ""April"": 39}",STABLE,False,False,False,0,0
BTP054 - Shivananda Circle,0.0486115606188102,0.2434087882822903,0.6311584553928096,0.5145805592543276,0.0705725699067909,0.5,0,12.986267004491278,77.57886273319414,751,7,MORNING,CAR,NO PARKING,"{""December"": 218, ""November"": 163, ""January"": 145, ""March"": 116, ""February"": 83, ""April"": 26}",STABLE,False,False,False,0,0
BTP071 - Prasanna Junction,0.046669687358405,0.3036061026352289,0.463245492371706,0.5039528432732316,0.0638002773925104,0.4545454545454545,0,12.974369503954971,77.55203424621543,721,11,MORNING,SCOOTER,NO PARKING,"{""January"": 210, ""February"": 164, ""March"": 132, ""December"": 121, ""November"": 70, ""April"": 24}",STABLE,False,False,False,0,0
"BTP080 - NR Road, SP Road Junction",0.2382678490517185,0.2392284705243141,0.6386851399076338,0.5131486009236621,0.047813094267862,0.6818181818181818,4,12.964396575724733,77.58316820553203,3681,10,MORNING,SCOOTER,WRONG PARKING,"{""February"": 935, ""December"": 814, ""March"": 653, ""November"": 555, ""January"": 537, ""April"": 187}",DECREASING,False,False,False,0,0
"BTP168 - MSR Building, JC Road",0.0085442423457829,0.2265151515151515,0.2878787878787879,0.5170454545454546,0.0681818181818181,0.1363636363636363,0,12.96118081060606,77.58428897045455,132,6,MORNING,CAR,NO PARKING,"{""March"": 40, ""February"": 37, ""December"": 26, ""January"": 19, ""April"": 8, ""November"": 2}",STABLE,False,False,False,0,0
"BTP226 - 33rd Cross, 11th Main, Jayanagar",0.0318467214706453,0.6178861788617886,0.6707317073170732,0.6071138211382113,0.3252032520325203,0.4545454545454545,0,12.925926613617884,77.58563274735772,492,8,MORNING,CAR,NO PARKING,"{""November"": 120, ""December"": 115, ""February"": 89, ""January"": 61, ""March"": 58, ""April"": 49}",STABLE,False,False,False,0,0
BTP218 - Syndicate Bank Junction,0.0227199171467408,0.4182336182336182,0.4814814814814814,0.5061253561253561,0.0398860398860398,0.2727272727272727,0,12.934673374928776,77.58443592279201,351,8,MORNING,SCOOTER,WRONG PARKING,"{""March"": 93, ""February"": 90, ""January"": 60, ""December"": 58, ""November"": 46, ""April"": 4}",STABLE,False,False,False,0,0
BTP211 - Central Street Junction,0.3487604375687747,0.2139198218262806,0.5202301410541945,0.5198867854491462,0.121380846325167,0.9545454545454546,8,12.983371022821446,77.60345435130863,5388,10,MORNING,PASSENGER AUTO,WRONG PARKING,"{""January"": 1790, ""March"": 1064, ""November"": 876, ""December"": 771, ""February"": 707, ""April"": 180}",DECREASING,False,False,False,0,0
BTP225 - Geetha Junction,0.0185772541912097,0.5811846689895469,0.7456445993031359,0.5165505226480837,0.0871080139372822,0.2727272727272727,0,12.928338116027875,77.58587362578396,287,9,MORNING,SCOOTER,NO PARKING,"{""January"": 74, ""December"": 63, ""March"": 58, ""November"": 51, ""February"": 36, ""April"": 5}",STABLE,False,False,False,0,0
BTP166 - Coffee Board Junction,0.0078322221503009,0.2016528925619835,0.4132231404958678,0.5057851239669422,0.0495867768595041,0.1818181818181818,0,12.984920821487604,77.59433667851238,121,7,MORNING,CAR,NO PARKING,"{""November"": 36, ""March"": 26, ""December"": 18, ""February"": 18, ""January"": 14, ""April"": 9}",STABLE,False,False,False,0,0
BTP104 - Medical College Circle,0.0976114958897016,0.336870026525199,0.409814323607427,0.5113063660477454,0.0510610079575596,0.4545454545454545,0,12.959562748076925,77.57661357181698,1508,11,MORNING,SCOOTER,WRONG PARKING,"{""January"": 368, ""December"": 325, ""February"": 296, ""March"": 283, ""April"": 131, ""November"": 105}",STABLE,False,False,False,0,0
BTP119 - Minerva Circle,0.0128810926273545,0.2065326633165828,0.4874371859296482,0.5419597989949748,0.1407035175879397,0.1818181818181818,0,12.955163112562811,77.58039649145728,199,6,MORNING,SCOOTER,WRONG PARKING,"{""November"": 49, ""December"": 49, ""February"": 39, ""January"": 31, ""March"": 28, ""April"": 3}",STABLE,False,False,False,0,0
BTP215 - Vanivillas Junction,0.0280924331671952,0.2087557603686636,0.5253456221198156,0.5111751152073732,0.032258064516129,0.3181818181818182,0,12.94612015348372,77.57023379090926,434,10,MORNING,CAR,NO PARKING,"{""December"": 112, ""November"": 91, ""April"": 86, ""February"": 61, ""January"": 45, ""March"": 39}",STABLE,False,False,False,0,0
BTP020 - Hosahalli Metro Station,0.2654540746973914,0.3352840770543769,0.4106315532796878,0.5047183613752744,0.0424286759326993,0.5454545454545454,0,12.97414419858571,77.54529421309437,4101,4,MORNING,SCOOTER,WRONG PARKING,"{""December"": 1267, ""January"": 1018, ""February"": 645, ""November"": 573, ""March"": 527, ""April"": 71}",DECREASING,False,False,False,0,0
BTP121 - KH Circle,0.0069260146287785,0.2102803738317757,0.5607476635514018,0.5112149532710281,0.0841121495327102,0.1363636363636363,0,12.951853676635512,77.59037472710278,107,7,MORNING,CAR,NO PARKING,"{""November"": 39, ""January"": 30, ""December"": 20, ""February"": 8, ""March"": 7, ""April"": 3}",STABLE,False,False,False,0,0
BTP069 - MC Circle,0.0695837918311864,0.2233488372093023,0.4781395348837209,0.5135348837209301,0.0809302325581395,0.3181818181818182,0,12.974620575358044,77.54751794417267,1075,11,MORNING,SCOOTER,WRONG PARKING,"{""March"": 324, ""January"": 263, ""December"": 249, ""November"": 105, ""February"": 92, ""April"": 42}",STABLE,False,False,False,0,0
"BTP070 - Cholurpalya Junction, Magadi Road",0.1470645349213541,0.3749559859154929,0.5387323943661971,0.5066241197183098,0.0576584507042253,0.4090909090909091,0,12.973484256997908,77.550805919489,2272,11,MORNING,SCOOTER,NO PARKING,"{""January"": 692, ""December"": 453, ""March"": 427, ""November"": 358, ""February"": 262, ""April"": 80}",DECREASING,False,False,False,0,0
BTP134 - Mico Bande,0.0031717263253285,0.7428571428571429,0.2653061224489796,0.5142857142857142,0.0612244897959183,0.0909090909090909,0,12.945696853061223,77.60254793673468,49,3,NIGHT,CAR,WRONG PARKING,"{""November"": 14, ""December"": 14, ""March"": 13, ""February"": 4, ""January"": 4}",STABLE,False,False,False,0,0
BTP208 - Havanur Circle,0.0525600362483008,0.3751231527093597,0.583743842364532,0.5241995073891625,0.0935960591133004,0.3181818181818182,0,12.987954160845806,77.53755577344508,812,10,MORNING,CAR,WRONG PARKING,"{""March"": 215, ""February"": 203, ""January"": 135, ""November"": 110, ""December"": 97, ""April"": 52}",STABLE,False,False,False,0,0
"BTP024 - NPS, Vijayanagar",0.0409087966858696,0.485126582278481,0.3955696202531645,0.5129746835443039,0.0427215189873417,0.3636363636363636,0,12.98291347845193,77.54882366500652,632,4,MORNING,CAR,WRONG PARKING,"{""March"": 275, ""December"": 106, ""January"": 77, ""April"": 67, ""November"": 62, ""February"": 45}",STABLE,False,False,False,0,0
"BTP210 - 50th cross, 12th Main , Rajajinagar",0.0294517444494789,0.6443956043956044,0.3142857142857143,0.5010989010989011,0.0131868131868131,0.3636363636363636,0,12.986979151428573,77.55512463802198,455,3,NIGHT,CAR,WRONG PARKING,"{""February"": 127, ""January"": 82, ""December"": 78, ""March"": 70, ""November"": 61, ""April"": 37}",STABLE,False,False,False,0,0
BTP118 - Basappa Circle,0.0422681079681532,0.5107197549770292,0.451761102603369,0.5164624808575804,0.0765696784073506,0.3181818181818182,0,12.958166349617152,77.57756666983155,653,10,MORNING,SCOOTER,WRONG PARKING,"{""January"": 164, ""December"": 141, ""February"": 125, ""March"": 96, ""November"": 86, ""April"": 41}",STABLE,False,False,False,0,0
BTP132 - Anepalya Junction,0.0102271991714674,0.6373417721518987,0.4240506329113924,0.5120253164556963,0.0379746835443038,0.1818181818181818,0,12.951251251265823,77.60690484050633,158,10,MORNING,CAR,NO PARKING,"{""January"": 74, ""March"": 43, ""February"": 22, ""November"": 11, ""April"": 8}",STABLE,False,False,False,0,0
BTP207 - 8th Main Road Basaveshwara Nagar,0.0137873001488769,0.3591549295774648,0.5727699530516432,0.518075117370892,0.0704225352112676,0.1818181818181818,0,12.991897484976526,77.53847353051646,213,10,MORNING,CAR,WRONG PARKING,"{""February"": 106, ""March"": 82, ""December"": 8, ""January"": 8, ""November"": 7, ""April"": 2}",STABLE,False,False,False,0,0
BTP172 - Nanjappa Circle,0.0502297883358146,0.2014175257731958,0.3479381443298969,0.500451030927835,0.0115979381443298,0.2727272727272727,0,12.961702129381443,77.59948909484535,776,4,MORNING,SCOOTER,NO PARKING,"{""December"": 224, ""January"": 159, ""March"": 158, ""February"": 129, ""November"": 75, ""April"": 31}",STABLE,False,False,False,0,0
"BTP095 - Satellite Bus Stand, Mysore Road",0.0501650592271344,0.5845161290322579,0.4774193548387097,0.5309032258064517,0.1341935483870967,0.2727272727272727,0,12.953825250666531,77.54339804607628,775,10,MORNING,SCOOTER,WRONG PARKING,"{""November"": 213, ""January"": 179, ""December"": 156, ""February"": 146, ""March"": 72, ""April"": 9}",STABLE,False,False,False,0,0
BTP219 - Canara Bank Junction,0.0231730209075021,0.7332402234636871,0.6927374301675978,0.5079608938547486,0.0363128491620111,0.4090909090909091,0,12.931167219553076,77.58453701256984,358,11,MORNING,CAR,NO PARKING,"{""January"": 97, ""December"": 72, ""November"": 68, ""March"": 61, ""February"": 41, ""April"": 19}",STABLE,False,False,False,0,0
"BTP099 - Cash Pharmacy, Residency Road",0.0225904589293805,0.2538681948424069,0.4068767908309456,0.5554441260744984,0.163323782234957,0.2272727272727272,0,12.969120946131804,77.60030236275071,349,5,MORNING,CAR,NO PARKING,"{""December"": 117, ""November"": 102, ""January"": 83, ""February"": 30, ""April"": 10, ""March"": 7}",STABLE,False,False,False,0,0
BTP076 - Hudson Circle,0.0294517444494789,0.2105494505494505,0.4395604395604395,0.51,0.0439560439560439,0.2272727272727272,0,12.968029834285714,77.58880913494505,455,4,MORNING,SCOOTER,NO PARKING,"{""February"": 153, ""December"": 96, ""March"": 85, ""November"": 57, ""January"": 33, ""April"": 31}",STABLE,False,False,False,0,0
"BTP115 - Sahasra Hospital, Jayanagar",0.0234319373422228,0.6781767955801103,0.3922651933701657,0.5070441988950276,0.074585635359116,0.3181818181818182,0,12.91728404702033,77.5738125694776,362,3,MORNING,SCOOTER,NO PARKING,"{""December"": 128, ""November"": 90, ""March"": 60, ""January"": 43, ""February"": 31, ""April"": 10}",STABLE,False,False,False,0,0
BTP079 - Town Hall Junction,0.0104861156061881,0.7086419753086419,0.5987654320987654,0.504320987654321,0.0123456790123456,0.1363636363636363,0,12.96474243271605,77.58478980123456,162,10,MORNING,CAR,WRONG PARKING,"{""February"": 50, ""November"": 32, ""December"": 31, ""January"": 25, ""March"": 24}",STABLE,False,False,False,0,0
BTP180 - Swagath Poornima Theatre,0.0168942973655252,0.50727969348659,0.3793103448275862,0.5088122605363985,0.0383141762452107,0.2272727272727272,0,12.96046395210728,77.58731793409962,261,2,NIGHT,CAR,NO PARKING,"{""February"": 79, ""December"": 73, ""January"": 45, ""March"": 38, ""November"": 20, ""April"": 6}",STABLE,False,False,False,0,0
BTP192 - Urvashi Theater,0.0404556929251084,0.6784,0.5024,0.50176,0.0256,0.5454545454545454,0,12.95650754928,77.58603276544001,625,3,MORNING,CAR,NO PARKING,"{""January"": 136, ""December"": 129, ""March"": 117, ""February"": 116, ""November"": 81, ""April"": 46}",STABLE,False,False,False,0,0
"BTP062 - Basava Mantapa, Dr. Rajkumar Road",0.0275098711890737,0.8696470588235294,0.4070588235294117,0.5278823529411764,0.1105882352941176,0.2727272727272727,0,12.979911838377566,77.5546504141,425,12,MORNING,CAR,NO PARKING,"{""January"": 102, ""December"": 80, ""November"": 77, ""March"": 75, ""February"": 67, ""April"": 24}",STABLE,False,False,False,0,0
BTP096 - Gali Anjaneya Temple,0.0629166936371286,0.2914609053497942,0.2458847736625514,0.5759773662551441,0.2644032921810699,0.5,0,12.952594812896978,77.54121609195656,972,1,NIGHT,SCOOTER,NO PARKING,"{""December"": 292, ""January"": 199, ""March"": 193, ""February"": 162, ""November"": 113, ""April"": 13}",STABLE,False,False,False,0,0
BTP135 - UCO Bank Junction,0.0719787688523529,0.6554856115107912,0.5485611510791367,0.5258992805755395,0.1034172661870503,0.3636363636363636,0,12.935621750629496,77.61497794019785,1112,12,MORNING,SCOOTER,NO PARKING,"{""March"": 353, ""December"": 224, ""January"": 208, ""February"": 169, ""November"": 127, ""April"": 31}",STABLE,False,False,False,0,0
BTP074 - Leprosy Hospital Junction,0.0677713767881416,0.262559694364852,0.4880611270296084,0.5241642788920725,0.1518624641833811,0.3636363636363636,0,12.975846885138832,77.56179568138215,1047,11,MORNING,SCOOTER,WRONG PARKING,"{""March"": 274, ""November"": 203, ""December"": 195, ""January"": 169, ""February"": 145, ""April"": 61}",STABLE,False,False,False,0,0
"BTP159 - JP Nagar Metro, ORR",0.0065376399766975,0.4128712871287127,0.3069306930693069,0.5207920792079208,0.1188118811881188,0.1363636363636363,0,12.90641312350031,77.57288417491768,101,2,NIGHT,CAR,NO PARKING,"{""March"": 40, ""November"": 27, ""December"": 20, ""April"": 6, ""February"": 5, ""January"": 3}",STABLE,False,False,False,0,0
"BTP001 - 10th Cross, Dr. Rajkumar Road",0.1820182536086478,0.800533428165007,0.4174964438122333,0.5011379800853485,0.0103129445234708,0.5909090909090909,0,13.007811443262298,77.55465340067576,2812,10,MORNING,CAR,WRONG PARKING,"{""March"": 706, ""November"": 518, ""February"": 517, ""January"": 478, ""December"": 403, ""April"": 190}",STABLE,False,False,False,0,0
BTP061 - Bhashyam Circle,0.0666709819405786,0.4245631067961166,0.5621359223300971,0.501504854368932,0.0300970873786407,0.4090909090909091,0,12.985184338307276,77.55392274871213,1030,7,MORNING,SCOOTER,NO PARKING,"{""February"": 328, ""December"": 254, ""March"": 163, ""January"": 116, ""November"": 102, ""April"": 67}",STABLE,False,False,False,0,0
BTP108 - Tagore Park Junction,0.1165771247329924,0.4312048861743475,0.3914491948917268,0.5158800666296501,0.0577456968350916,0.6363636363636364,1,12.943901209259398,77.57143116315802,1801,11,MORNING,SCOOTER,WRONG PARKING,"{""January"": 495, ""February"": 346, ""December"": 263, ""March"": 250, ""November"": 248, ""April"": 199}",STABLE,False,False,False,0,0
"BTP197 - 9th Cross, 24th Main, JP Nagar",0.0183830668651692,0.4721830985915491,0.4753521126760563,0.531338028169014,0.1161971830985915,0.2272727272727272,0,12.911549545221384,77.58599000264428,284,11,MORNING,CAR,WRONG PARKING,"{""December"": 134, ""March"": 56, ""February"": 44, ""November"": 26, ""January"": 24}",STABLE,False,False,False,0,0
BTP023 - Mahalaxmi Layout Entrance,0.1169654993850734,0.438240177089098,0.6242390702822358,0.5050913115661317,0.054786939679026,0.5454545454545454,0,13.008974449496067,77.54920543394422,1807,10,MORNING,SCOOTER,WRONG PARKING,"{""March"": 399, ""February"": 374, ""November"": 330, ""December"": 302, ""January"": 224, ""April"": 178}",STABLE,False,False,False,0,0
BTP100 - Richmond Circle,0.0196776490387727,0.2210526315789474,0.2894736842105263,0.5057565789473685,0.0427631578947368,0.1363636363636363,0,12.962800310526314,77.59827016480263,304,4,NIGHT,SCOOTER,NO PARKING,"{""December"": 157, ""November"": 61, ""January"": 43, ""February"": 30, ""March"": 12, ""April"": 1}",STABLE,False,False,False,0,0
BTP037 - KR Circle,0.0154702569745614,0.2066945606694561,0.4560669456066946,0.5225941422594143,0.0753138075313807,0.2272727272727272,0,12.976534570711298,77.58653865523013,239,4,MORNING,CAR,NO PARKING,"{""November"": 79, ""December"": 65, ""January"": 47, ""February"": 25, ""March"": 16, ""April"": 7}",STABLE,False,False,False,0,0
BTP028 - Vijayanagar Bus Stand Junction,0.0488057479448508,0.4071618037135278,0.5954907161803713,0.5066976127320955,0.0543766578249336,0.3636363636363636,0,12.972568562228885,77.53806133053999,754,10,MORNING,CAR,WRONG PARKING,"{""December"": 240, ""February"": 179, ""March"": 159, ""November"": 89, ""January"": 69, ""April"": 18}",STABLE,False,False,False,0,0
BTP010 - Rajajinagar Entrance,0.061945757006926,0.68380355276907,0.4879832810867293,0.518025078369906,0.0961337513061651,0.4545454545454545,0,12.98226156309777,77.56008112329171,957,11,MORNING,SCOOTER,NO PARKING,"{""November"": 229, ""February"": 192, ""January"": 173, ""December"": 172, ""March"": 159, ""April"": 32}",STABLE,False,False,False,0,0
"BTP182 - 19th Main Junction, Rajajinagar",0.0899734610654411,0.6838129496402877,0.5705035971223021,0.5034172661870504,0.0194244604316546,0.3636363636363636,0,12.99900715064247,77.5508516759733,1390,8,MORNING,CAR,WRONG PARKING,"{""February"": 309, ""December"": 299, ""March"": 255, ""January"": 242, ""November"": 193, ""April"": 92}",STABLE,False,False,False,0,0
"BTP026 - 1st Block Junction, Rajajinagar",0.0702958120266683,0.7078268876611418,0.6583793738489871,0.5003222836095764,0.0064456721915285,0.3636363636363636,0,13.002439084069982,77.5500935121547,1086,7,MORNING,CAR,WRONG PARKING,"{""December"": 295, ""January"": 235, ""November"": 193, ""March"": 163, ""February"": 156, ""April"": 44}",STABLE,False,False,False,0,0
BTP130 - GD Mara Junction,0.0408440675771894,0.5091917591125198,0.5927099841521395,0.5118066561014263,0.0681458003169572,0.2272727272727272,0,12.908069876703646,77.60081684453249,631,11,MORNING,SCOOTER,NO PARKING,"{""March"": 315, ""February"": 158, ""April"": 69, ""December"": 39, ""January"": 36, ""November"": 14}",STABLE,False,False,False,0,0
BTP173 - TMC,0.0098388245193863,0.4263157894736842,0.6118421052631579,0.5023026315789473,0.0131578947368421,0.2727272727272727,0,12.98232968486842,77.59871615789473,152,10,MORNING,CAR,WRONG PARKING,"{""December"": 42, ""November"": 35, ""March"": 28, ""January"": 25, ""February"": 18, ""April"": 4}",STABLE,False,False,False,0,0
BTP042 - Minsk Square Junction (CTO),0.1323062981422745,0.3937377690802348,0.4006849315068493,0.5020303326810177,0.0680039138943248,0.5909090909090909,0,12.981175736986302,77.59845689202544,2044,4,MORNING,SCOOTER,WRONG PARKING,"{""January"": 473, ""November"": 445, ""March"": 440, ""December"": 338, ""February"": 314, ""April"": 34}",DECREASING,False,False,False,0,0
BTP103 - Shanti Nagar TTMC,0.0093209916499449,0.2722222222222222,0.5486111111111112,0.5024305555555555,0.0486111111111111,0.1818181818181818,0,12.9538741625,77.59162276111111,144,10,MORNING,CAR,NO PARKING,"{""February"": 32, ""December"": 29, ""January"": 29, ""November"": 27, ""March"": 18, ""April"": 9}",STABLE,False,False,False,0,0
BTP140 - Madiwala Check Post,0.0238203119943038,0.5499999999999999,0.4021739130434782,0.5993206521739131,0.3179347826086957,0.2727272727272727,0,12.932305598913045,77.6132812736413,368,11,NIGHT,CAR,WRONG PARKING,"{""March"": 83, ""February"": 80, ""January"": 74, ""December"": 64, ""November"": 63, ""April"": 4}",STABLE,False,False,False,0,0
BTP136 - Hosur-Tavarkere Road Junction,0.0233024791248624,0.4319444444444444,0.2944444444444444,0.6224999999999999,0.3583333333333333,0.4090909090909091,0,12.93432707138889,77.60844668972223,360,2,NIGHT,CAR,WRONG PARKING,"{""January"": 86, ""December"": 77, ""November"": 76, ""March"": 53, ""February"": 53, ""April"": 15}",STABLE,False,False,False,0,0
"BTP204 - ESI Hospital, Rajajinagar",0.0412971713379506,0.6310344827586205,0.1238244514106583,0.5007836990595611,0.0172413793103448,0.2727272727272727,0,12.990358886677116,77.55373500799372,638,3,NIGHT,CAR,WRONG PARKING,"{""February"": 149, ""December"": 121, ""April"": 104, ""January"": 95, ""March"": 92, ""November"": 77}",STABLE,False,False,False,0,0
"BTP170 - Dr. Bheem Rao Palace, Chord Road",0.0370897792737394,0.6150087260034903,0.3193717277486911,0.5570680628272251,0.1832460732984293,0.3181818181818182,0,12.990371993066232,77.551225814101,573,2,NIGHT,CAR,WRONG PARKING,"{""February"": 187, ""December"": 159, ""March"": 97, ""January"": 73, ""April"": 29, ""November"": 28}",STABLE,False,False,False,0,0
"BTP101 - Blood Bank Circle, KH Road",0.0265389345588711,0.2514634146341464,0.0536585365853658,0.5034146341463414,0.0341463414634146,0.2727272727272727,0,12.961947537560976,77.59617864317073,410,3,NIGHT,SCOOTER,NO PARKING,"{""November"": 138, ""December"": 131, ""January"": 110, ""February"": 23, ""March"": 7, ""April"": 1}",STABLE,False,False,False,0,0
"BTP148 - 17th Main, Doopanahalli Bus Stop",0.0482231859667292,0.6744966442953021,0.4523489932885906,0.5829530201342281,0.3704697986577181,0.3181818181818182,0,12.963663511161307,77.64223399413453,745,8,MORNING,CAR,NO PARKING,"{""December"": 242, ""January"": 215, ""February"": 158, ""March"": 69, ""November"": 41, ""April"": 20}",STABLE,False,False,False,0,0
"BTP221 - 15th Cross, 24th Main, JP Nagar",0.0075085766069001,0.6051724137931034,0.6982758620689655,0.5603448275862069,0.2155172413793103,0.2272727272727272,0,12.905022600862068,77.58618874568964,116,9,MORNING,CAR,NO PARKING,"{""January"": 45, ""March"": 34, ""December"": 23, ""November"": 9, ""February"": 3, ""April"": 2}",STABLE,False,False,False,0,0
BTP167 - JC Road Junction,0.0240792284290245,0.4021505376344086,0.5026881720430108,0.5249999999999999,0.075268817204301,0.2272727272727272,0,12.9582712466602,77.58126169958715,372,8,MORNING,SCOOTER,WRONG PARKING,"{""March"": 100, ""February"": 81, ""December"": 66, ""January"": 57, ""April"": 43, ""November"": 25}",STABLE,False,False,False,0,0
BTP030 - Mekhri Circle,0.005631432455175,0.4770114942528735,0.4367816091954023,0.5482758620689655,0.1494252873563218,0.1818181818181818,0,13.01362429195402,77.58397421839081,87,8,MORNING,CAR,NO PARKING,"{""April"": 25, ""December"": 24, ""March"": 17, ""November"": 12, ""February"": 6, ""January"": 3}",STABLE,False,False,False,0,0
BTP078 - NR Square Junction,0.0157939025179623,0.6327868852459015,0.6311475409836066,0.5049180327868853,0.0327868852459016,0.1818181818181818,0,12.965873413934425,77.5854067954918,244,10,MORNING,SCOOTER,WRONG PARKING,"{""February"": 69, ""December"": 51, ""January"": 47, ""November"": 43, ""March"": 31, ""April"": 3}",STABLE,False,False,False,0,0
"BTP117 - 9th Cross, Kanakapura Road",0.0198718363648132,0.5674267100977198,0.0651465798045602,0.5091205211726385,0.0651465798045602,0.5,0,12.91214845732899,77.57334888045602,307,3,NIGHT,SCOOTER,WRONG PARKING,"{""March"": 120, ""December"": 63, ""February"": 46, ""November"": 42, ""January"": 27, ""April"": 9}",STABLE,False,False,False,0,0
BTP122 - Siddapura Junction,0.0094504498673053,0.2404109589041095,0.5684931506849316,0.501027397260274,0.0205479452054794,0.1363636363636363,0,12.94840029178082,77.59279610068495,146,2,MORNING,PASSENGER AUTO,NO PARKING,"{""December"": 45, ""January"": 28, ""March"": 23, ""February"": 20, ""November"": 18, ""April"": 12}",STABLE,False,False,False,0,0
BTP017 - Attiguppe Circle,0.0273156838630332,0.6827014218009478,0.438388625592417,0.5061611374407583,0.1090047393364928,0.1363636363636363,0,12.960583327014216,77.52963757037915,422,11,MORNING,SCOOTER,WRONG PARKING,"{""February"": 232, ""November"": 64, ""December"": 64, ""January"": 43, ""March"": 19}",STABLE,False,False,False,0,0
"BTP161 - 15th Cross, 35th Main, JP Nagar",0.0014887694996439,0.3782608695652174,0.391304347826087,0.5304347826086956,0.4782608695652174,0.0909090909090909,0,12.90626403555768,77.57765224581215,23,3,NIGHT,CAR,NO PARKING,"{""January"": 10, ""December"": 7, ""March"": 3, ""November"": 2, ""February"": 1}",STABLE,False,False,False,0,0
BTP137 - Madiwala Traffic PS Junction,0.0385785487733833,0.6035234899328858,0.3187919463087248,0.5250838926174496,0.0788590604026845,0.1818181818181818,0,12.92332618796038,77.6198709011831,596,1,NIGHT,CAR,NO PARKING,"{""January"": 183, ""February"": 144, ""March"": 133, ""December"": 90, ""April"": 27, ""November"": 19}",STABLE,False,False,False,0,0
BTP047 - Vidhan Soudha Metro Station,0.0129458217360346,0.214,0.6,0.5275,0.085,0.2727272727272727,0,12.979835985,77.59251278949999,200,11,MORNING,CAR,NO PARKING,"{""January"": 57, ""December"": 56, ""November"": 46, ""February"": 21, ""April"": 18, ""March"": 2}",STABLE,False,False,False,0,0
BTP041 - Gopal Gowda Circle,0.0244676030811055,0.1999999999999999,0.2539682539682539,0.5538359788359788,0.1613756613756613,0.1818181818181818,0,12.977295857671956,77.59026518835978,378,2,NIGHT,SCOOTER,NO PARKING,"{""December"": 132, ""November"": 103, ""March"": 92, ""January"": 31, ""February"": 15, ""April"": 5}",STABLE,False,False,False,0,0
"BTP033 - Sophia High School, Sankey Road",0.013463654605476,0.2033653846153846,0.3509615384615384,0.5,0.0240384615384615,0.3181818181818182,0,12.990444546153846,77.58866545673078,208,1,MORNING,SCOOTER,WRONG PARKING,"{""December"": 79, ""November"": 59, ""January"": 54, ""February"": 6, ""April"": 6, ""March"": 4}",STABLE,False,False,False,0,0
BTP052 - CID Carlton House Junction,0.0128163635186743,0.4898989898989899,0.5353535353535354,0.5108585858585859,0.0404040404040404,0.2272727272727272,0,12.980863155860892,77.58762164743165,198,7,MORNING,CAR,NO PARKING,"{""November"": 69, ""January"": 53, ""December"": 48, ""March"": 22, ""April"": 4, ""February"": 2}",STABLE,False,False,False,0,0
BTP008 - Navarang Theatre,0.0770276393294064,0.6810924369747899,0.607563025210084,0.501218487394958,0.0310924369747899,0.5,0,12.998492417815124,77.55309264941178,1190,8,MORNING,SCOOTER,WRONG PARKING,"{""December"": 362, ""March"": 300, ""November"": 167, ""January"": 139, ""February"": 124, ""April"": 98}",STABLE,False,False,False,0,0
BTP222 - Delmia Circle,0.006343452650657,0.4255102040816327,0.3673469387755102,0.5392857142857143,0.1428571428571428,0.1363636363636363,0,12.905932804081631,77.59263616836735,98,3,MORNING,CAR,NO PARKING,"{""November"": 32, ""March"": 21, ""December"": 21, ""January"": 17, ""February"": 6, ""April"": 1}",STABLE,False,False,False,0,0
BTP106 - VV Puram College,0.0102919282801475,0.3320754716981132,0.2138364779874214,0.5066037735849057,0.050314465408805,0.1363636363636363,0,12.952855020536775,77.57449485352717,159,13,NIGHT,CAR,NO PARKING,"{""March"": 76, ""February"": 62, ""November"": 11, ""December"": 5, ""January"": 4, ""April"": 1}",STABLE,False,False,False,0,0
"BTP113 - 27th Cross, Pai Vista, KR Road",0.0082853259110622,0.6796875,0.3671875,0.507421875,0.0625,0.1818181818181818,0,12.9175333703125,77.5731112515625,128,4,MORNING,SCOOTER,NO PARKING,"{""November"": 39, ""December"": 37, ""March"": 19, ""February"": 16, ""January"": 9, ""April"": 8}",STABLE,False,False,False,0,0
"BTP015 - Suguna Hospital, Dr. Rajkumar Road",0.0066670981940578,0.7368932038834951,0.4660194174757281,0.5,0.0194174757281553,0.1363636363636363,0,12.98771043883495,77.55949917572815,103,10,MORNING,CAR,WRONG PARKING,"{""December"": 48, ""November"": 19, ""January"": 15, ""February"": 10, ""March"": 8, ""April"": 3}",STABLE,False,False,False,0,0
BTP196 - Sarakki Main Road,0.0089326169978639,0.322463768115942,0.1376811594202898,0.506159420289855,0.0434782608695652,0.0909090909090909,0,12.910996460923243,77.57833824855072,138,0,NIGHT,CAR,WRONG PARKING,"{""December"": 93, ""February"": 18, ""March"": 12, ""January"": 9, ""November"": 6}",STABLE,False,False,False,0,0
"BTP177 - Aurobindo Circle, ORR",0.0120396142145122,0.6758064516129032,0.4569892473118279,0.5301075268817204,0.1075268817204301,0.3181818181818182,0,12.916612181720428,77.58524550268818,186,11,MORNING,CAR,NO PARKING,"{""March"": 70, ""December"": 51, ""February"": 21, ""November"": 20, ""January"": 16, ""April"": 8}",STABLE,False,False,False,0,0
BTP085 - Briyand Circle,0.0107450320409087,0.2614457831325301,0.3614457831325301,0.5463855421686746,0.1566265060240964,0.2272727272727272,0,12.966068878313248,77.56948985903615,166,2,MORNING,PASSENGER AUTO,NO PARKING,"{""March"": 41, ""December"": 38, ""November"": 32, ""February"": 26, ""January"": 15, ""April"": 14}",STABLE,False,False,False,0,0
"BTP089 - Police Quarters, Sultan Road",0.005631432455175,0.2356321839080459,0.2413793103448276,0.6419540229885058,0.4367816091954023,0.0909090909090909,0,12.960983110344824,77.56353294367817,87,2,NIGHT,LGV,WRONG PARKING,"{""March"": 29, ""November"": 27, ""April"": 13, ""January"": 7, ""December"": 7, ""February"": 4}",STABLE,False,False,False,0,0
BTP181 - Bileka Halli Junction,0.0005178328694413,0.5,0.625,0.54375,0.125,0.0454545454545454,0,12.9019944125,77.60112085,8,10,MORNING,CAR,WRONG PARKING,"{""March"": 3, ""December"": 2, ""January"": 2, ""November"": 1}",STABLE,False,False,False,0,0
"BTP164 - 29th Main Road, BTM Layout",0.0027186225645672,0.7809523809523808,0.4047619047619047,0.5214285714285714,0.0476190476190476,0.0909090909090909,0,12.916027286041109,77.61535643491827,42,11,MORNING,SCOOTER,WRONG PARKING,"{""March"": 25, ""April"": 10, ""February"": 3, ""November"": 2, ""January"": 2}",STABLE,False,False,False,0,0
BTP109 - Dewan Madhava Rao Junction,0.0200012945821736,0.231715210355987,0.3689320388349514,0.5011326860841424,0.0064724919093851,0.2272727272727272,0,12.94086432038835,77.57243474530745,309,4,MORNING,SCOOTER,NO PARKING,"{""January"": 120, ""February"": 112, ""March"": 37, ""April"": 28, ""November"": 6, ""December"": 6}",STABLE,False,False,False,0,0
"BTP176 - Rajalakshmi Kalyana Mantapa, JP Nagar",0.012686905301314,0.4081632653061223,0.3163265306122449,0.5390306122448979,0.1683673469387755,0.1818181818181818,0,12.917309109693878,77.57831904234693,196,5,MORNING,CAR,NO PARKING,"{""December"": 52, ""November"": 45, ""January"": 40, ""March"": 32, ""February"": 20, ""April"": 7}",STABLE,False,False,False,0,0
BTP067 - Jai Muni Rao Circle,0.0264742054501909,0.2156479217603912,0.5916870415647921,0.5106356968215159,0.0562347188264058,0.3181818181818182,0,12.97851778081309,77.54273679499192,409,11,MORNING,SCOOTER,WRONG PARKING,"{""December"": 117, ""January"": 109, ""February"": 78, ""March"": 53, ""November"": 45, ""April"": 7}",STABLE,False,False,False,0,0
BTP154 - Itmadu Junction,0.000776749304162,0.425,0.5,0.5291666666666667,0.0833333333333333,0.0454545454545454,0,12.9297912,77.54656500833333,12,11,MORNING,CAR,WRONG PARKING,"{""December"": 6, ""March"": 3, ""April"": 2, ""January"": 1}",STABLE,False,False,False,0,0
BTP018 - Dhobi Ghat Junction,0.0247265195158262,0.5968586387434555,0.4528795811518324,0.5414921465968586,0.143979057591623,0.3181818181818182,0,12.98761222696335,77.54981949005236,382,10,MORNING,CAR,WRONG PARKING,"{""December"": 135, ""February"": 89, ""March"": 50, ""January"": 50, ""November"": 41, ""April"": 17}",STABLE,False,False,False,0,0
"BTP191 - 40th Cross, 4th Main, Jayanagar",0.0067965564114182,0.536190476190476,0.3047619047619048,0.51,0.0571428571428571,0.1818181818181818,0,12.920106225714289,77.58220127047619,105,3,NIGHT,SCOOTER,WRONG PARKING,"{""March"": 27, ""December"": 25, ""January"": 22, ""February"": 18, ""November"": 12, ""April"": 1}",STABLE,False,False,False,0,0
"BTP202 - East End Main Road, Jayanagar",0.0091915334325846,0.7598591549295773,0.3450704225352112,0.670774647887324,0.7535211267605634,0.1363636363636363,0,12.917186653521126,77.59701229788732,142,2,NIGHT,CAR,NO PARKING,"{""January"": 66, ""November"": 33, ""April"": 23, ""February"": 7, ""December"": 7, ""March"": 6}",STABLE,False,False,False,0,0
BTP105 - Shivasankara Circle,0.0120396142145122,0.2645161290322581,0.2903225806451613,0.5094086021505376,0.0268817204301075,0.1363636363636363,0,12.956902590860215,77.57416609784947,186,3,NIGHT,SCOOTER,NO PARKING,"{""March"": 84, ""February"": 50, ""December"": 41, ""January"": 6, ""November"": 5}",STABLE,False,False,False,0,0
"BTP094 - Sri Skanda Complex, Mysore Road",0.0072496601721794,0.3285714285714287,0.4196428571428571,0.6169642857142856,0.3571428571428571,0.1363636363636363,0,12.955815682142855,77.54617815178571,112,4,MORNING,CAR,NO PARKING,"{""February"": 28, ""December"": 28, ""March"": 27, ""January"": 26, ""November"": 2, ""April"": 1}",STABLE,False,False,False,0,0
BTP216 - Yediyur Junction,0.0111334066929898,0.2069767441860464,0.1337209302325581,0.5040697674418605,0.0116279069767441,0.4090909090909091,0,12.93804460616813,77.57688296083748,172,6,MORNING,CAR,WRONG PARKING,"{""March"": 50, ""April"": 32, ""January"": 27, ""November"": 24, ""December"": 21, ""February"": 18}",STABLE,False,False,False,0,0
BTP212 - Minto Junction,0.0050488704770535,0.4192307692307693,0.6153846153846154,0.5134615384615384,0.1025641025641025,0.0909090909090909,0,12.96031432051282,77.5714075602564,78,9,MORNING,CAR,NO PARKING,"{""March"": 39, ""February"": 31, ""January"": 3, ""April"": 3, ""November"": 1, ""December"": 1}",STABLE,False,False,False,0,0
BTP068 - Veeresh Theatre Junction,0.0326234707748074,0.3013888888888888,0.5138888888888888,0.5051587301587303,0.0337301587301587,0.2727272727272727,0,12.977227481944444,77.54562137718254,504,11,MORNING,SCOOTER,NO PARKING,"{""January"": 157, ""March"": 111, ""December"": 96, ""February"": 87, ""April"": 34, ""November"": 19}",STABLE,False,False,False,0,0
"BTP186 - 9th Cross, 4th Main, Jayanagar",0.0353420933393747,0.5335164835164834,0.3754578754578754,0.5,0.0238095238095238,0.1818181818181818,0,12.939329417176364,77.58299607614546,546,3,NIGHT,SCOOTER,WRONG PARKING,"{""March"": 273, ""April"": 129, ""November"": 52, ""December"": 47, ""January"": 37, ""February"": 8}",STABLE,False,False,False,0,0
BTP171 - Indian Express (Balekundri),0.0073791183895397,0.2,0.3421052631578947,0.512719298245614,0.0789473684210526,0.1363636363636363,0,12.986301935964908,77.59864174824561,114,5,MORNING,CAR,WRONG PARKING,"{""January"": 34, ""March"": 28, ""February"": 26, ""December"": 13, ""November"": 7, ""April"": 6}",STABLE,False,False,False,0,0
"BTP190 - 36th Cross, 4th Main, Jayanagar",0.0093857207586251,0.5599999999999999,0.3448275862068966,0.5058620689655172,0.0482758620689655,0.0909090909090909,0,12.922585208123426,77.58127681070592,145,5,NIGHT,SCOOTER,NO PARKING,"{""December"": 82, ""March"": 32, ""February"": 15, ""January"": 7, ""November"": 7, ""April"": 2}",STABLE,False,False,False,0,0
BTP036 - Police Thimmaiah Circle (GPO),0.0053725160204543,0.2048192771084337,0.4578313253012048,0.5210843373493976,0.0963855421686747,0.1363636363636363,0,12.981054290361444,77.59432185301205,83,7,MORNING,CAR,NO PARKING,"{""November"": 29, ""January"": 23, ""December"": 21, ""February"": 8, ""March"": 2}",STABLE,False,False,False,0,0
BTP075 - Police Corner,0.0121690724318726,0.3968085106382979,0.7074468085106383,0.5297872340425531,0.101063829787234,0.1818181818181818,0,12.968845718276503,77.58628269328581,188,8,MORNING,CAR,WRONG PARKING,"{""November"": 68, ""January"": 44, ""February"": 30, ""December"": 23, ""March"": 19, ""April"": 4}",STABLE,False,False,False,0,0
BTP146 - Domlur Water Tank,0.0094504498673053,0.410958904109589,0.6164383561643836,0.5023972602739726,0.0684931506849315,0.1363636363636363,0,12.960488461643836,77.63886880273972,146,11,MORNING,CAR,NO PARKING,"{""January"": 36, ""March"": 36, ""December"": 31, ""November"": 23, ""February"": 18, ""April"": 2}",STABLE,False,False,False,0,0
BTP214 - 5th Main Chamrajpet  Junction,0.0163117353874037,0.5059523809523809,0.4523809523809524,0.6027777777777776,0.4761904761904761,0.2272727272727272,0,12.96500902960007,77.55255323659712,252,11,MORNING,SCOOTER,WRONG PARKING,"{""November"": 85, ""March"": 71, ""December"": 43, ""January"": 31, ""February"": 22}",STABLE,False,False,False,0,0
BTP187 - South End Circle,0.0036248300860897,0.4142857142857143,0.4642857142857143,0.5,0.0178571428571428,0.1363636363636363,0,12.937437009438865,77.58186328855274,56,6,MORNING,CAR,WRONG PARKING,"{""January"": 14, ""December"": 13, ""March"": 12, ""April"": 8, ""February"": 5, ""November"": 4}",STABLE,False,False,False,0,0
BTP157 - Kadirenahalli Cross,0.0010356657388827,0.5125,0.4375,0.54375,0.25,0.0909090909090909,0,12.913022025,77.5670021,16,2,MORNING,CAR,WRONG PARKING,"{""March"": 7, ""February"": 4, ""January"": 3, ""April"": 1, ""December"": 1}",STABLE,False,False,False,0,0
BTP098 - Nayandahalli Junction,0.0133341963881157,0.2160194174757281,0.2718446601941747,0.6339805825242717,0.4077669902912621,0.0909090909090909,0,12.944823567475726,77.52768460776699,206,3,NIGHT,MAXI-CAB,NO PARKING,"{""January"": 70, ""March"": 52, ""February"": 36, ""December"": 35, ""November"": 9, ""April"": 4}",STABLE,False,False,False,0,0
"BTP206 - Shankara Mutt Circle, Vijayanagar",0.0465402291410447,0.22336578581363,0.5299026425591099,0.5068150208623088,0.0305980528511821,0.3181818181818182,0,12.998620176634214,77.54142142920725,719,11,MORNING,CAR,WRONG PARKING,"{""February"": 247, ""December"": 174, ""March"": 120, ""January"": 118, ""November"": 46, ""April"": 14}",STABLE,False,False,False,0,0
"BTP093 - Toll Gate, Mysore Road",0.0058256197812156,0.2133333333333333,0.3333333333333333,0.6038888888888889,0.5,0.0909090909090909,0,12.958754304444446,77.55213842444444,90,4,NIGHT,CAR,NO PARKING,"{""March"": 30, ""February"": 22, ""April"": 16, ""December"": 15, ""November"": 7}",STABLE,False,False,False,0,0
"BTP102 - BMTC Junction, KH Road",0.0113275940190303,0.6742857142857142,0.7657142857142857,0.5,0.0285714285714285,0.2272727272727272,0,12.95545919085714,77.59290232228571,175,9,MORNING,CAR,NO PARKING,"{""November"": 70, ""January"": 27, ""December"": 27, ""February"": 23, ""March"": 17, ""April"": 11}",STABLE,False,False,False,0,0
BTP138 - Sarjapur Road Check Post,0.004854683151013,0.4373333333333334,0.3733333333333333,0.514,0.0533333333333333,0.0909090909090909,0,12.927103010322918,77.61688994134308,75,3,NIGHT,CAR,NO PARKING,"{""January"": 21, ""February"": 20, ""March"": 19, ""April"": 6, ""December"": 6, ""November"": 3}",STABLE,False,False,False,0,0
BTP158 - Devegowda Petrol Bunk,0.0029128098906078,0.5444444444444445,0.3333333333333333,0.5233333333333333,0.1555555555555555,0.0909090909090909,0,12.921245118184276,77.56029589125623,45,11,NIGHT,SCOOTER,WRONG PARKING,"{""March"": 14, ""February"": 11, ""January"": 10, ""April"": 7, ""December"": 2, ""November"": 1}",STABLE,False,False,False,0,0
BTP133 - Adugodi Junction,0.0047252249336526,0.273972602739726,0.3972602739726027,0.5561643835616439,0.2328767123287671,0.1818181818181818,0,12.941853575342464,77.6086067250685,73,3,MORNING,CAR,NO PARKING,"{""March"": 39, ""February"": 13, ""April"": 10, ""November"": 6, ""December"": 3, ""January"": 2}",STABLE,False,False,False,0,0
BTP006 - Navarang Bar Junction,0.0030422681079681,0.6127659574468086,0.3404255319148936,0.5,0.0,0.0909090909090909,0,12.990978136170211,77.55759593617022,47,5,NIGHT,CAR,WRONG PARKING,"{""April"": 13, ""February"": 11, ""December"": 10, ""January"": 7, ""November"": 5, ""March"": 1}",STABLE,False,False,False,0,0
BTP193 - Vasavi Circle,0.0073143892808596,0.2053097345132743,0.2920353982300885,0.5030973451327434,0.0176991150442477,0.1363636363636363,0,12.949798086219,77.5767949444681,113,4,NIGHT,CAR,NO PARKING,"{""March"": 44, ""February"": 27, ""January"": 17, ""December"": 10, ""November"": 10, ""April"": 5}",STABLE,False,False,False,0,0
BTP184 - Lalbagh West Gate,0.0139167583662372,0.2,0.4744186046511628,0.5079069767441861,0.041860465116279,0.1363636363636363,0,12.94843504744186,77.58018114418604,215,10,MORNING,SCOOTER,NO PARKING,"{""November"": 68, ""April"": 55, ""December"": 45, ""March"": 29, ""January"": 13, ""February"": 5}",STABLE,False,False,False,0,0
"BTP189 - New Diagonal Road, Jayanagar",0.0389669234254644,0.6098006644518272,0.4833887043189369,0.5017441860465115,0.0282392026578073,0.2727272727272727,0,12.928112280564784,77.58069761295681,602,9,MORNING,SCOOTER,NO PARKING,"{""December"": 269, ""January"": 124, ""March"": 92, ""April"": 46, ""November"": 39, ""February"": 32}",STABLE,False,False,False,0,0
BTP142 - Lower Agram Road Junction,0.0021360605864457,0.2151515151515151,0.0,0.6363636363636364,0.303030303030303,0.0909090909090909,0,12.96182414242424,77.61549586666668,33,2,NIGHT,CAR,WRONG PARKING,"{""January"": 16, ""November"": 9, ""March"": 5, ""February"": 2, ""December"": 1}",STABLE,False,False,False,0,0
BTP120 - Lalbagh Main Gate Junction,0.0157939025179623,0.4610655737704918,0.5655737704918032,0.5254098360655737,0.0778688524590164,0.3181818181818182,0,12.95408442090164,77.58441278032787,244,3,MORNING,CAR,WRONG PARKING,"{""November"": 87, ""December"": 70, ""February"": 31, ""January"": 27, ""March"": 20, ""April"": 9}",STABLE,False,False,False,0,0
"BTP114 - KR Road Junction, Near JSS",0.0041426629555311,0.3749999999999999,0.640625,0.52734375,0.078125,0.0909090909090909,0,12.924224496361514,77.57491752140425,64,11,MORNING,CAR,NO PARKING,"{""January"": 36, ""November"": 17, ""February"": 7, ""December"": 3, ""April"": 1}",STABLE,False,False,False,0,0
"BTP127 - Sagar Hospital, Jayanagar",0.0053725160204543,0.6855421686746986,0.3855421686746988,0.7331325301204819,0.6024096385542169,0.0909090909090909,0,12.927947021686748,77.59825148915664,83,3,NIGHT,CAR,NO PARKING,"{""February"": 33, ""January"": 15, ""March"": 11, ""December"": 10, ""April"": 9, ""November"": 5}",STABLE,False,False,False,0,0
BTP156 - Kamakya Junction,0.0008414784128422,0.3230769230769231,0.4615384615384615,0.5653846153846154,0.3076923076923077,0.0454545454545454,0,12.923719841795632,77.55360571975805,13,10,MORNING,CAR,WRONG PARKING,"{""December"": 6, ""January"": 3, ""March"": 2, ""April"": 2}",STABLE,False,False,False,0,0
BTP092 - Bangalore Builders Junction,0.0062139944332966,0.3114583333333334,0.25,0.6692708333333334,0.6145833333333334,0.0909090909090909,0,12.959323617708334,77.55569727812501,96,2,NIGHT,CAR,NO PARKING,"{""March"": 43, ""January"": 21, ""December"": 14, ""February"": 11, ""November"": 4, ""April"": 3}",STABLE,False,False,False,0,0
BTP077 - Halasuru Gate Junction,0.0019418732604052,0.6266666666666668,0.6333333333333333,0.5,0.0333333333333333,0.0909090909090909,0,12.966806766666668,77.58703611000001,30,8,MORNING,CAR,WRONG PARKING,"{""January"": 13, ""February"": 6, ""December"": 4, ""November"": 3, ""March"": 3, ""April"": 1}",STABLE,False,False,False,0,0
BTP203 - RRMR Junction,0.0084147841284225,0.2676923076923077,0.2230769230769231,0.5765384615384614,0.1846153846153846,0.1818181818181818,0,12.96743880076923,77.59360017,130,23,NIGHT,CAR,NO PARKING,"{""February"": 58, ""March"": 24, ""January"": 16, ""December"": 16, ""November"": 15, ""April"": 1}",STABLE,False,False,False,0,0
"BTP110 - Bharathi Nursing Home, Basavanagudi",0.0004531037607612,0.3714285714285714,0.2857142857142857,0.5,0.0,0.0454545454545454,0,12.93742960532226,77.57230527575189,7,4,NIGHT,CAR,WRONG PARKING,"{""March"": 3, ""January"": 2, ""February"": 1, ""April"": 1}",STABLE,False,False,False,0,0
BTP009 - Prakash Nagar Junction,0.0169590264742054,0.5083969465648854,0.2824427480916031,0.5,0.015267175572519,0.1363636363636363,0,12.99251787442748,77.557632660687,262,3,NIGHT,SCOOTER,WRONG PARKING,"{""November"": 165, ""January"": 53, ""April"": 18, ""December"": 16, ""February"": 6, ""March"": 4}",STABLE,False,False,False,0,0
"BTP025 - Puttamma Choultry, Nagarbhavi",0.0017476859343646,0.3444444444444445,0.2962962962962963,0.5,0.074074074074074,0.0909090909090909,0,12.97867419259259,77.53819774074074,27,3,NIGHT,CAR,WRONG PARKING,"{""January"": 10, ""December"": 10, ""March"": 3, ""February"": 2, ""April"": 1, ""November"": 1}",STABLE,False,False,False,0,0
BTP053 - Three Let Junction,0.0033011845426888,0.4901960784313725,0.6666666666666666,0.5372549019607843,0.1176470588235294,0.0909090909090909,0,12.983894015686278,77.58177205098039,51,10,MORNING,PASSENGER AUTO,WRONG PARKING,"{""December"": 32, ""November"": 14, ""March"": 3, ""January"": 2}",STABLE,False,False,False,0,0
BTP128 - Gorappanapalya Junction,0.0035601009774095,0.7927272727272724,0.3272727272727272,0.5509090909090909,0.1818181818181818,0.0909090909090909,0,12.920460569090906,77.60040643272728,55,11,NIGHT,SCOOTER,NO PARKING,"{""March"": 33, ""January"": 12, ""December"": 5, ""February"": 4, ""April"": 1}",STABLE,False,False,False,0,0
"BTP145 - Sri Hatti Maramma Circle, Domluru",0.0113275940190303,0.2148571428571428,0.4285714285714285,0.506,0.08,0.1818181818181818,0,12.96128260180312,77.63615441362482,175,3,MORNING,CAR,NO PARKING,"{""December"": 56, ""March"": 42, ""January"": 28, ""November"": 24, ""February"": 20, ""April"": 5}",STABLE,False,False,False,0,0
BTP217 - Baleyele Junction,0.0055019742378147,0.4529411764705884,0.7176470588235294,0.5205882352941177,0.1058823529411764,0.1363636363636363,0,12.95738128369353,77.56944775460543,85,9,MORNING,SCOOTER,NO PARKING,"{""March"": 47, ""February"": 17, ""November"": 10, ""April"": 5, ""January"": 4, ""December"": 2}",STABLE,False,False,False,0,0
"BTP179 - 9th Block, 28th Main, Jayanagar",0.007120201954819,0.7636363636363637,0.1545454545454545,0.6813636363636364,0.8636363636363636,0.0909090909090909,0,12.91695609,77.59508601818183,110,2,NIGHT,SCOOTER,WRONG PARKING,"{""January"": 53, ""November"": 34, ""April"": 13, ""December"": 6, ""February"": 3, ""March"": 1}",STABLE,False,False,False,0,0
"BTP198 - 9th Cross, 8th Main, JP Nagar",0.0009062075215224,0.4785714285714285,0.4285714285714285,0.5999999999999999,0.4285714285714285,0.0454545454545454,0,12.910339621428571,77.59572164285714,14,6,MORNING,SCOOTER,WRONG PARKING,"{""December"": 6, ""November"": 5, ""January"": 3}",STABLE,False,False,False,0,0
"BTP188 - 27th Cross, 4th Main, Jayanagar",0.019030357951971,0.798299319727891,0.5986394557823129,0.5102040816326531,0.064625850340136,0.1363636363636363,0,12.929681475170067,77.58056905374148,294,8,MORNING,SCOOTER,NO PARKING,"{""April"": 95, ""March"": 89, ""January"": 44, ""December"": 38, ""November"": 16, ""February"": 12}",STABLE,False,False,False,0,0
BTP185 - RV Teachers College,0.0036895591947698,0.2210526315789473,0.543859649122807,0.5192982456140351,0.0526315789473684,0.0909090909090909,0,12.94458577368421,77.58073809122807,57,11,MORNING,CAR,NO PARKING,"{""December"": 35, ""March"": 11, ""November"": 6, ""January"": 3, ""February"": 1, ""April"": 1}",STABLE,False,False,False,0,0
BTP107 - National College Junction,0.0047252249336526,0.2767123287671232,0.273972602739726,0.5102739726027398,0.0410958904109589,0.0909090909090909,0,12.948955050684932,77.5729495150685,73,3,NIGHT,SCOOTER,NO PARKING,"{""February"": 45, ""March"": 17, ""December"": 5, ""April"": 4, ""November"": 1, ""January"": 1}",STABLE,False,False,False,0,0
BTP213 - Royan Circle,0.0013593112822836,0.3809523809523809,0.5238095238095238,0.7214285714285713,0.6666666666666666,0.0909090909090909,0,12.960664534079864,77.56822902305134,21,7,MORNING,CAR,NO PARKING,"{""December"": 8, ""February"": 6, ""November"": 5, ""March"": 2}",STABLE,False,False,False,0,0
BTP035 - Basaweshwara Circle (LH) Junction,0.0023302479124862,0.2333333333333332,0.3611111111111111,0.5097222222222223,0.0555555555555555,0.1363636363636363,0,12.984610472222222,77.58816219444445,36,1,MORNING,CAR,NO PARKING,"{""November"": 11, ""December"": 10, ""January"": 9, ""February"": 3, ""March"": 2, ""April"": 1}",STABLE,False,False,False,0,0
"BTP200 - 15th Cross, 33rd Main, JP Nagar",0.0018124150430448,0.3571428571428571,0.5357142857142857,0.5,0.0357142857142857,0.0454545454545454,0,12.9063283,77.58138778214285,28,7,MORNING,CAR,NO PARKING,"{""February"": 9, ""March"": 8, ""November"": 4, ""December"": 4, ""January"": 2, ""April"": 1}",STABLE,False,False,False,0,0
BTP143 - ASC Junction,0.0015534986083241,0.4166666666666667,0.125,0.5145833333333333,0.1666666666666666,0.0454545454545454,0,12.9694987,77.61974576249999,24,0,NIGHT,HGV,NO PARKING,"{""February"": 12, ""December"": 7, ""November"": 2, ""January"": 2, ""April"": 1}",STABLE,False,False,False,0,0
BTP144 - Commando Hospital Junction,0.000388374652081,0.3666666666666667,0.1666666666666666,0.5,0.1666666666666666,0.0454545454545454,0,12.96920356666667,77.62634385000001,6,4,NIGHT,CAR,NO PARKING,"{""November"": 4, ""February"": 1, ""December"": 1}",STABLE,False,False,False,0,0
"BTP178 - 18th Main, Marenahalli",0.0004531037607612,0.3,0.7142857142857143,0.55,0.1428571428571428,0.0454545454545454,0,12.916898271428568,77.58956701428572,7,8,MORNING,SCOOTER,WRONG PARKING,"{""March"": 3, ""December"": 3, ""January"": 1}",STABLE,False,False,False,0,0
"BTP112 - 14th Cross, KR Road",0.0006472910868017,0.4600000000000001,0.2,0.5349999999999999,0.1,0.0454545454545454,0,12.92934653,77.57320881999999,10,5,MORNING,CAR,NO PARKING,"{""November"": 6, ""March"": 3, ""December"": 1}",STABLE,False,False,False,0,0
